epoch,train_loss,train_acc,valid_loss,valid_acc
0,0.23732241404130888,0.9145535904538674,1.5075172222465094,0.18558282208588958
